"word","count"
"course",183794
"courses",62865
"business",47469
"learn",30841
"free",28987
"online",27693
"udemy",27205
"development",26464
"training",26249
"access",25652
"learning",25553
"instructor",25227
"section",24610
"students",24390
"design",24202
"marketing",23467
"blog",23169
"video",22453
"reviews",22091
"mobile",21023
"add",20963
"preview",20521
"support",19917
"mit",19893
"introduction",19873
"take",19354
"new",19217
"certificate",18770
"help",18660
"lifetime",18629
"apps",18422
"make",18272
"software",18222
"description",18130
"content",17973
"topics",17720
"part",17713
"taught",17655
"price",17527
"time",16401
"create",16392
"android",16346
"careers",15864
"start",15813
"going",15348
"money",15238
"quality",15144
"curriculum",14839
"iphone",14805
"completion",14530
